id,user_id,category,parent_id,icon_kebab,created_at,icon,parent_category,description,plain_name
04d4d874-60dc-468d-9daa-eb46a1ba5bb8,,ENTERTAINMENT_OTHER_ENTERTAINMENT,43224766-2ed8-42cf-a9bf-9bc717b198e0,ferris-wheel,2025-08-22 05:01:17.132902+00,FerrisWheel,ENTERTAINMENT,"Other miscellaneous entertainment purchases, including night life and adult entertainment",
078e0358-c159-4e0e-a140-33c18939e493,,GENERAL_MERCHANDISE_SPORTING_GOODS,c0f2abc6-14cf-457a-9585-cb969d8b9f1c,tent-tree,2025-08-22 05:01:17.132902+00,TentTree,GENERAL_MERCHANDISE,"Sporting goods, camping gear, and outdoor equipment",
079c51c9-225f-46c9-9e2b-48544111acbe,,FOOD_AND_DRINK_BEER_WINE_AND_LIQUOR,0c93eb57-2a38-4649-86a2-9f0e5bf572df,beer,2025-08-22 05:01:17.132902+00,Beer,FOOD_AND_DRINK,"Beer, Wine & Liquor Stores",
0af6a6e1-5ee7-4931-acfa-56c1e8b1832c,,,,,2025-08-22 05:01:17.132902+00,,TRANSPORTATION,,
0c93eb57-2a38-4649-86a2-9f0e5bf572df,,,,,2025-08-22 05:01:17.132902+00,,FOOD_AND_DRINK,,
12221c2b-c3d8-49db-bcfc-0fdda1d16f2f,,GENERAL_SERVICES_EDUCATION,b7661df8-88c2-4f66-affd-5ef622877e7e,graduation-cap,2025-08-22 05:01:17.132902+00,GraduationCap,GENERAL_SERVICES,"Elementary, high school, professional schools, and college tuition",
125734a0-a26e-43ab-a99d-692a6cefed26,,TRANSFER_OUT_INVESTMENT_AND_RETIREMENT_FUNDS,f1bb95b0-c717-4c3b-a220-3e5a2fe24535,piggy-bank,2025-08-22 05:01:17.132902+00,PiggyBank,TRANSFER_OUT,"Transfers to an investment or retirement account, including investment apps such as Acorns, Betterment",
12822258-2782-4bed-a307-6b774c1b44ce,,GENERAL_MERCHANDISE_DEPARTMENT_STORES,c0f2abc6-14cf-457a-9585-cb969d8b9f1c,shopping-bag,2025-08-22 05:01:17.132902+00,ShoppingBag,GENERAL_MERCHANDISE,"Retail stores with wide ranges of consumer goods, typically specializing in clothing and home goods",
14ad4935-e241-4d7d-b56a-ee5b8576d223,,MEDICAL_EYE_CARE,61f3b65e-17b4-4c56-b83c-bf435018ac53,glasses,2025-08-22 05:01:17.132902+00,Glasses,MEDICAL,"Optometrists, contacts, and glasses stores",
160a480d-4a36-4dd2-9351-5839c8d2c3e0,,GENERAL_MERCHANDISE_CONVENIENCE_STORES,c0f2abc6-14cf-457a-9585-cb969d8b9f1c,donut,2025-08-22 05:01:17.132902+00,Donut,GENERAL_MERCHANDISE,Purchases at convenience stores,
1757727d-b679-4c18-9efc-dacd2e1bf44a,,GENERAL_MERCHANDISE_ONLINE_MARKETPLACES,c0f2abc6-14cf-457a-9585-cb969d8b9f1c,shopping-cart,2025-08-22 05:01:17.132902+00,ShoppingCart,GENERAL_MERCHANDISE,"Multi-purpose e-commerce platforms such as Etsy, Ebay and Amazon",
19c32646-02b6-4beb-a9e2-8a714768adcc,,TRANSPORTATION_GAS,0af6a6e1-5ee7-4931-acfa-56c1e8b1832c,fuel,2025-08-22 05:01:17.132902+00,Fuel,TRANSPORTATION,Purchases at a gas station,
1d6913d9-d1e6-4ac1-904c-9249d8781ce6,,GENERAL_MERCHANDISE_OTHER_GENERAL_MERCHANDISE,c0f2abc6-14cf-457a-9585-cb969d8b9f1c,shopping-cart,2025-08-22 05:01:17.132902+00,ShoppingCart,GENERAL_MERCHANDISE,"Other miscellaneous merchandise, including toys, hobbies, and arts and crafts",
1d84165f-3197-47fd-b821-1949891139b0,,INCOME_INTEREST_EARNED,ccaf369b-aa83-42c7-bb3e-af09285b3634,hand-coins,2025-08-22 05:01:17.132902+00,HandCoins,INCOME,Income from interest on savings accounts,
1e7b4f2e-8eb3-4023-a25c-dd05ac0a1415,,TRANSFER_OUT_SAVINGS,f1bb95b0-c717-4c3b-a220-3e5a2fe24535,piggy-bank,2025-08-22 05:01:17.132902+00,PiggyBank,TRANSFER_OUT,Outbound transfers to savings accounts,
212120ba-c431-4e27-be85-18d6743069cb,,HOME_IMPROVEMENT_HARDWARE,cd6934f1-91d2-46ae-8710-b86cb0b49e73,hammer,2025-08-22 05:01:17.132902+00,Hammer,HOME_IMPROVEMENT,"Building materials, hardware stores, paint, and wallpaper",
21c8988a-29c3-4991-86de-08b68982be4c,,TRANSFER_IN_CASH_ADVANCES_AND_LOANS,48243bdc-0c0c-4bd5-aaba-ea3e2176eee8,banknote-arrow-up,2025-08-22 05:01:17.132902+00,BanknoteArrowUp,TRANSFER_IN,Loans and cash advances deposited into a bank account,
22c90df9-420b-4113-9eb4-bf22bb29fc8c,,GENERAL_SERVICES_CONSULTING_AND_LEGAL,b7661df8-88c2-4f66-affd-5ef622877e7e,user-star,2025-08-22 05:01:17.132902+00,UserStar,GENERAL_SERVICES,Consulting and legal services,
26321059-21a9-48c4-9df3-0907fda98ec9,,GENERAL_SERVICES_INSURANCE,b7661df8-88c2-4f66-affd-5ef622877e7e,shield,2025-08-22 05:01:17.132902+00,Shield,GENERAL_SERVICES,"Insurance for auto, home, and healthcare",
275a8f24-31d5-4e7e-8194-4f2436755e8c,,GENERAL_MERCHANDISE_ELECTRONICS,c0f2abc6-14cf-457a-9585-cb969d8b9f1c,circuit-board,2025-08-22 05:01:17.132902+00,CircuitBoard,GENERAL_MERCHANDISE,Electronics stores and websites,
27f15a86-d90e-450b-871a-510b0d4950d5,,LOAN_PAYMENTS_CAR_PAYMENT,58dffaff-a99b-4baa-a471-b7989cfc2844,signature,2025-08-22 05:01:17.132902+00,Signature,LOAN_PAYMENTS,Car loans and leases,
2d5b629e-3d69-4e94-b7f5-784d9cf3cd72,,INCOME_DIVIDENDS,ccaf369b-aa83-42c7-bb3e-af09285b3634,divide,2025-08-22 05:01:17.132902+00,Divide,INCOME,Dividends from investment accounts,
2da2feb9-a16b-41cc-b973-a7824e117ead,,INCOME_RETIREMENT_PENSION,ccaf369b-aa83-42c7-bb3e-af09285b3634,banknote-arrow-down,2025-08-22 05:01:17.132902+00,BanknoteArrowDown,INCOME,Income from pension payments,
2e34dbda-9b03-438c-9347-f5e3cf8130d6,,TRANSPORTATION_BIKES_AND_SCOOTERS,0af6a6e1-5ee7-4931-acfa-56c1e8b1832c,bike,2025-08-22 05:01:17.132902+00,Bike,TRANSPORTATION,Bike and scooter rentals,
2eba8eab-2a4f-4678-adeb-08d32bc98278,,,,,2025-08-22 05:01:17.132902+00,,TRAVEL,,
303322a4-503a-4766-a618-f7b6dc7bd5e2,,GENERAL_SERVICES_POSTAGE_AND_SHIPPING,b7661df8-88c2-4f66-affd-5ef622877e7e,box,2025-08-22 05:01:17.132902+00,Box,GENERAL_SERVICES,"Mail, packaging, and shipping services",
30389529-f4ea-45c2-9c4c-48e62cd65df2,,,,,2025-08-22 05:01:17.132902+00,,BANK_FEES,,
3060f798-7c39-4c6b-9322-4d860c15b51d,,TRAVEL_LODGING,2eba8eab-2a4f-4678-adeb-08d32bc98278,plane,2025-08-22 05:01:17.132902+00,Plane,TRAVEL,"Hotels, motels, and hosted accommodation such as Airbnb",
32c1ba7c-4fa9-42de-85c4-a1bdfa33d134,,PERSONAL_CARE_GYMS_AND_FITNESS_CENTERS,be97d1f8-f5af-4a1e-b2d1-89d823d61173,dumbbell,2025-08-22 05:01:17.132902+00,Dumbbell,PERSONAL_CARE,"Gyms, fitness centers, and workout classes",
35bbd7a7-2647-4187-b27f-4dff65afaf6a,,RENT_AND_UTILITIES_INTERNET_AND_CABLE,e0c68625-6bae-45cf-8dca-6e1a0912765f,receipt-text,2025-08-22 05:01:17.132902+00,ReceiptText,RENT_AND_UTILITIES,Internet and cable bills,
39609878-b53e-47e0-87c7-58c8afd3a12d,,TRANSFER_IN_SAVINGS,48243bdc-0c0c-4bd5-aaba-ea3e2176eee8,banknote-arrow-down,2025-08-22 05:01:17.132902+00,BanknoteArrowDown,TRANSFER_IN,Inbound transfers to a savings account,
3b85f54c-13dc-4057-838f-a0effcbf7e26,,SUBSCRIPTIONS_HEALTH_FITNESS,7ca7002b-6f9a-41f2-9f7e-1b2e21bafafe,calendar-sync,2025-08-22 05:52:06.350707+00,CalendarSync,SUBSCRIPTIONS," Recurring charges for services and apps that support physical well-being, such as gym memberships (including digital ones), workout apps, meditation guides, or nutritional planning services.",
3bcf6a14-0a4c-4f09-ad3d-7c9f643a5605,,GOVERNMENT_AND_NON_PROFIT_GOVERNMENT_DEPARTMENTS_AND_AGENCIES,ea3e416f-db7f-42cf-8326-279fde028d98,user-star,2025-08-22 05:01:17.132902+00,UserStar,GOVERNMENT_AND_NON_PROFIT,"Government departments and agencies, such as driving licences, and passport renewal",
3f684e97-b40a-4f95-8929-54a6884c8959,,ENTERTAINMENT_CASINOS_AND_GAMBLING,43224766-2ed8-42cf-a9bf-9bc717b198e0,spade,2025-08-22 05:01:17.132902+00,Spade,ENTERTAINMENT,"Gambling, casinos, and sports betting",
4119f14a-bd80-4af8-a872-c448fd270537,,GENERAL_SERVICES_OTHER_GENERAL_SERVICES,b7661df8-88c2-4f66-affd-5ef622877e7e,user-star,2025-08-22 05:01:17.132902+00,UserStar,GENERAL_SERVICES,"Other miscellaneous services, including advertising and cloud storage ",
41bb62b3-b5fd-48c9-b68a-004d4c4bfe0a,,MEDICAL_NURSING_CARE,61f3b65e-17b4-4c56-b83c-bf435018ac53,hospital,2025-08-22 05:01:17.132902+00,Hospital,MEDICAL,Nursing care and facilities,
43224766-2ed8-42cf-a9bf-9bc717b198e0,,,,,2025-08-22 05:01:17.132902+00,,ENTERTAINMENT,,
4647c511-7863-4869-9125-92f6c31cc226,,SUBSCRIPTIONS_SERVICES_MEMBERSHIPS,7ca7002b-6f9a-41f2-9f7e-1b2e21bafafe,calendar-sync,2025-08-22 05:52:17.43682+00,CalendarSync,SUBSCRIPTIONS,"Recurring fees for various services and memberships that provide benefits or access, such as AAA, wholesale club memberships, or other subscription-based service agreements.",
48243bdc-0c0c-4bd5-aaba-ea3e2176eee8,,,,,2025-08-22 05:01:17.132902+00,,TRANSFER_IN,,
48c0febb-cc04-45cb-bd90-7c8bfb28547e,,GENERAL_MERCHANDISE_DISCOUNT_STORES,c0f2abc6-14cf-457a-9585-cb969d8b9f1c,tags,2025-08-22 05:01:17.132902+00,Tags,GENERAL_MERCHANDISE,Stores selling goods at a discounted price,
49ec5a7b-f465-4205-98ad-9699ada4a0a6,,PERSONAL_CARE_HAIR_AND_BEAUTY,be97d1f8-f5af-4a1e-b2d1-89d823d61173,heart-plus,2025-08-22 05:01:17.132902+00,HeartPlus,PERSONAL_CARE,"Manicures, haircuts, waxing, spa/massages, and bath and beauty products ",
4a7b942f-6f3a-4da6-aafb-a2e685d3ef61,,MEDICAL_VETERINARY_SERVICES,61f3b65e-17b4-4c56-b83c-bf435018ac53,paw-print,2025-08-22 05:01:17.132902+00,Paw-Print,MEDICAL,Prevention and care procedures for animals,
4f1d6adf-8a80-411b-94b2-63cc2e7de0da,,RENT_AND_UTILITIES_OTHER_UTILITIES,e0c68625-6bae-45cf-8dca-6e1a0912765f,receipt-text,2025-08-22 05:01:17.132902+00,ReceiptText,RENT_AND_UTILITIES,Other miscellaneous utility bills,
4f6bc405-47f0-4d0e-9619-a999a38fe1d1,,BANK_FEES_OTHER_BANK_FEES,30389529-f4ea-45c2-9c4c-48e62cd65df2,landmark,2025-08-22 05:01:17.132902+00,Landmark,BANK_FEES,Other miscellaneous bank fees,
51ba8303-7686-4291-8f5d-597456dbf581,,FOOD_AND_DRINK_FAST_FOOD,0c93eb57-2a38-4649-86a2-9f0e5bf572df,hamburger,2025-08-22 05:01:17.132902+00,Hamburger,FOOD_AND_DRINK,Dining expenses for fast food chains,
5609239d-1e71-4395-8bfd-7ce844ecdc3c,,ENTERTAINMENT_VIDEO_GAMES,43224766-2ed8-42cf-a9bf-9bc717b198e0,gamepad-2,2025-08-22 05:01:17.132902+00,Gamepad,ENTERTAINMENT,Digital and in-person video game purchases,
5666d49f-6df6-4c7e-b6fc-a16e2eea4c99,,GENERAL_MERCHANDISE_OFFICE_SUPPLIES,c0f2abc6-14cf-457a-9585-cb969d8b9f1c,paperclip,2025-08-22 05:01:17.132902+00,Paperclip,GENERAL_MERCHANDISE,Stores that specialize in office goods,
5719661e-292a-4c60-a915-117a4ce05f84,,MEDICAL_DENTAL_CARE,61f3b65e-17b4-4c56-b83c-bf435018ac53,hospital,2025-08-22 05:01:17.132902+00,Hospital,MEDICAL,Dentists and general dental care,
58dffaff-a99b-4baa-a471-b7989cfc2844,,,,,2025-08-22 05:01:17.132902+00,,LOAN_PAYMENTS,,
5a96ee3c-6c9e-4933-99ec-28b1515970d3,,TRANSPORTATION_TOLLS,0af6a6e1-5ee7-4931-acfa-56c1e8b1832c,landmark,2025-08-22 05:01:17.132902+00,Landmark,TRANSPORTATION,Toll expenses,
5c7cadde-479c-4d7c-9b5d-af56f2b03619,,GOVERNMENT_AND_NON_PROFIT_OTHER_GOVERNMENT_AND_NON_PROFIT,ea3e416f-db7f-42cf-8326-279fde028d98,landmark,2025-08-22 05:01:17.132902+00,Landmark,GOVERNMENT_AND_NON_PROFIT,Other miscellaneous government and non-profit agencies,
61f3b65e-17b4-4c56-b83c-bf435018ac53,,,,,2025-08-22 05:01:17.132902+00,,MEDICAL,,
656bcbe1-827e-4680-9146-97bf225d9e5d,,BANK_FEES_FOREIGN_TRANSACTION_FEES,30389529-f4ea-45c2-9c4c-48e62cd65df2,landmark,2025-08-22 05:01:17.132902+00,Landmark,BANK_FEES,Fees incurred on non-domestic transactions,
66a059c2-25f8-4356-9c5a-e37bfad9bbc4,,TRANSFER_IN_OTHER_TRANSFER_IN,48243bdc-0c0c-4bd5-aaba-ea3e2176eee8,banknote-arrow-down,2025-08-22 05:01:17.132902+00,BanknoteArrowDown,TRANSFER_IN,Other miscellaneous inbound transactions,
67ad522e-b57c-4c53-a738-9d59fd848d95,,SUBSCRIPTIONS_STREAMING_SERVICES,7ca7002b-6f9a-41f2-9f7e-1b2e21bafafe,calendar-sync,2025-08-22 05:50:58.713504+00,CalendarSync,SUBSCRIPTIONS,"Recurring payments for on-demand access to digital content, primarily video (e.g., Netflix, Hulu, Disney+) and audio (e.g., Spotify Premium, Apple Music, Audible).",
695bcdd5-df02-4f20-86c4-3a081ced30f5,,ENTERTAINMENT_ADULT_ENTERTAINMENT,43224766-2ed8-42cf-a9bf-9bc717b198e0,venetian-mask,2025-08-22 05:31:34.611688+00,VenetianMask,ENTERTAINMENT,,
6b21b14a-a94b-4262-bb4a-b9f6516b3a9a,,GENERAL_MERCHANDISE_BOOKSTORES_AND_NEWSSTANDS,c0f2abc6-14cf-457a-9585-cb969d8b9f1c,book-marked,2025-08-22 05:01:17.132902+00,Bookmarked,GENERAL_MERCHANDISE,"Books, magazines, and news ",
6d7a1abe-4c03-40c6-b2bd-25d92aa1ed0a,,GOVERNMENT_AND_NON_PROFIT_DONATIONS,ea3e416f-db7f-42cf-8326-279fde028d98,gift,2025-08-22 05:01:17.132902+00,Gift,GOVERNMENT_AND_NON_PROFIT,"Charitable, political, and religious donations",
6dbeff0a-d498-4a8e-aba4-f2797cdaa30e,,RENT_AND_UTILITIES_SEWAGE_AND_WASTE_MANAGEMENT,e0c68625-6bae-45cf-8dca-6e1a0912765f,receipt-text,2025-08-22 05:01:17.132902+00,ReceiptText,RENT_AND_UTILITIES,Sewage and garbage disposal bills,
70b39555-cd8e-455d-ae57-cc8bf7ec1d36,,BANK_FEES_INSUFFICIENT_FUNDS,30389529-f4ea-45c2-9c4c-48e62cd65df2,landmark,2025-08-22 05:01:17.132902+00,Landmark,BANK_FEES,Fees relating to insufficient funds,
72af6043-41cc-4d02-a137-7dac82c24bd6,,GENERAL_MERCHANDISE_TOBACCO_AND_VAPE,c0f2abc6-14cf-457a-9585-cb969d8b9f1c,cannabis,2025-08-22 05:01:17.132902+00,Cannabis,GENERAL_MERCHANDISE,Purchases for tobacco and vaping products,
752209ac-b0cc-4d19-87c8-8b7f06a04f57,,HOME_IMPROVEMENT_OTHER_HOME_IMPROVEMENT,cd6934f1-91d2-46ae-8710-b86cb0b49e73,house,2025-08-22 05:01:17.132902+00,House,HOME_IMPROVEMENT,"Other miscellaneous home purchases, including pool installation and pest control",
795014b3-cce0-4394-8a03-1452ec4ab180,,SUBSCRIPTIONS_PRODUCTIVITY,7ca7002b-6f9a-41f2-9f7e-1b2e21bafafe,calendar-sync,2025-08-22 05:52:34.473019+00,CalendarSync,SUBSCRIPTIONS,"Recurring monthly or annual fees for apps or services that enhance various aspects of daily life, such as social media premium features, news aggregators, or general utility apps.",
7a318d4b-6a12-4eb3-85b7-98eacc4e6bd8,,FOOD_AND_DRINK_COFFEE,0c93eb57-2a38-4649-86a2-9f0e5bf572df,coffee,2025-08-22 05:01:17.132902+00,Coffee,FOOD_AND_DRINK,Purchases at coffee shops or cafes,
7c80ced7-9420-4929-aea9-1aefd3dae067,,GENERAL_MERCHANDISE_CLOTHING_AND_ACCESSORIES,c0f2abc6-14cf-457a-9585-cb969d8b9f1c,shirt,2025-08-22 05:01:17.132902+00,Shirt,GENERAL_MERCHANDISE,"Apparel, shoes, and jewelry",
7ca7002b-6f9a-41f2-9f7e-1b2e21bafafe,,SUBSCRIPTIONS,,calendar-sync,2025-08-22 05:46:51.036485+00,CalendarSync,,,
8083acd8-3b62-4d57-9645-3e5c8c5a64c1,,TRANSPORTATION_PUBLIC_TRANSIT,0af6a6e1-5ee7-4931-acfa-56c1e8b1832c,tram-front,2025-08-22 05:01:17.132902+00,TramFront,TRANSPORTATION,"Public transportation, including rail and train, buses, and metro",
849f056f-295c-4bfb-a8b9-11f58ee6c402,,GENERAL_SERVICES_ACCOUNTING_AND_FINANCIAL_PLANNING,,user-star,2025-08-22 05:01:17.132902+00,UserStar,GENERAL_SERVICES,"Financial planning, and tax and accounting services",
856b9f5c-6239-4d27-9bc7-30fe529cc268,,TRANSFER_OUT_WITHDRAWAL,f1bb95b0-c717-4c3b-a220-3e5a2fe24535,banknote-arrow-up,2025-08-22 05:01:17.132902+00,BanknoteArrowUp,TRANSFER_OUT,Withdrawals from a bank account,
872a8bb5-6a1f-4b49-9595-0ba890f52ac9,,PERSONAL_CARE_LAUNDRY_AND_DRY_CLEANING,be97d1f8-f5af-4a1e-b2d1-89d823d61173,washing-machine,2025-08-22 05:01:17.132902+00,WashingMachine,PERSONAL_CARE,"Wash and fold, and dry cleaning expenses",
8aca465f-0e3d-478a-9956-44eef9c50bd8,,GOVERNMENT_AND_NON_PROFIT_TAX_PAYMENT,ea3e416f-db7f-42cf-8326-279fde028d98,landmark,2025-08-22 05:01:17.132902+00,Landmark,GOVERNMENT_AND_NON_PROFIT,"Tax payments, including income and property taxes",
8ba357f5-8aa4-41e8-aab5-8ac65c6d8413,,TRAVEL_OTHER_TRAVEL,2eba8eab-2a4f-4678-adeb-08d32bc98278,plane,2025-08-22 05:01:17.132902+00,Plane,TRAVEL,Other miscellaneous travel expenses,
8cd22eb8-e3c8-4f7d-8622-ba1d27ea625a,,RENT_AND_UTILITIES_TELEPHONE,e0c68625-6bae-45cf-8dca-6e1a0912765f,receipt-text,2025-08-22 05:01:17.132902+00,ReceiptText,RENT_AND_UTILITIES,Cell phone bills,
8d37a14e-59b8-4aeb-8fcd-7b8b7745277e,,LOAN_PAYMENTS_MORTGAGE_PAYMENT,58dffaff-a99b-4baa-a471-b7989cfc2844,signature,2025-08-22 05:01:17.132902+00,Signature,LOAN_PAYMENTS,Payments on mortgages,
8e0d2a78-9956-419d-b5f3-bfc092c3dfdf,,RENT_AND_UTILITIES_WATER,e0c68625-6bae-45cf-8dca-6e1a0912765f,receipt-text,2025-08-22 05:01:17.132902+00,ReceiptText,RENT_AND_UTILITIES,Water bills,
8e8c0114-27f8-4ed2-bde7-0d6895eb155c,,TRANSFER_IN_DEPOSIT,48243bdc-0c0c-4bd5-aaba-ea3e2176eee8,banknote-arrow-down,2025-08-22 05:01:17.132902+00,BanknoteArrowDown,TRANSFER_IN,"Cash, checks, and ATM deposits into a bank account",
8ed43e00-88d7-4ad5-8d92-6c018431c159,,ENTERTAINMENT_MUSIC_AND_AUDIO,43224766-2ed8-42cf-a9bf-9bc717b198e0,music,2025-08-22 05:01:17.132902+00,Music,ENTERTAINMENT,"Digital and in-person music purchases, including music streaming services",
9048d934-6ca4-40fa-bd8d-9640f0445983,,TRAVEL_FLIGHTS,2eba8eab-2a4f-4678-adeb-08d32bc98278,plane,2025-08-22 05:01:17.132902+00,Plane,TRAVEL,Airline expenses,
949bf48b-1b2b-400d-a4b4-5b2f688d1235,,INCOME_WAGES,ccaf369b-aa83-42c7-bb3e-af09285b3634,banknote,2025-08-22 05:01:17.132902+00,Banknote,INCOME,"Income from salaries, gig-economy work, and tips earned",
96116692-e14d-4436-bc43-ef4e050fd846,,LOAN_PAYMENTS_CREDIT_CARD_PAYMENT,58dffaff-a99b-4baa-a471-b7989cfc2844,signature,2025-08-22 05:01:17.132902+00,Signature,LOAN_PAYMENTS,Payments to a credit card. These are positive amounts for credit card subtypes and negative for depository subtypes,
96881300-676c-4adc-a6a0-17a7e71090e8,,LOAN_PAYMENTS_STUDENT_LOAN_PAYMENT,58dffaff-a99b-4baa-a471-b7989cfc2844,signature,2025-08-22 05:01:17.132902+00,Signature,LOAN_PAYMENTS,"Payments on student loans. For college tuition, refer to ""General Services - Education""",
988a2456-27d9-41c3-a1d1-665d5b7c2410,,LOAN_PAYMENTS_OTHER_PAYMENT,58dffaff-a99b-4baa-a471-b7989cfc2844,signature,2025-08-22 05:01:17.132902+00,Signature,LOAN_PAYMENTS,Other miscellaneous debt payments,
98de05ed-cda4-4c00-b653-30923531352b,,GENERAL_MERCHANDISE_GIFTS_AND_NOVELTIES,c0f2abc6-14cf-457a-9585-cb969d8b9f1c,gift,2025-08-22 05:01:17.132902+00,Gift,GENERAL_MERCHANDISE,"Photo, gifts, cards, and floral stores",
9be14716-4b0e-43da-884e-d0c6bf586c61,,GENERAL_SERVICES_STORAGE,b7661df8-88c2-4f66-affd-5ef622877e7e,warehouse,2025-08-22 05:01:17.132902+00,Warehouse,GENERAL_SERVICES,Storage services and facilities,
9dcf47d9-2770-4770-b72a-aae7e5b777b9,,TRANSFER_IN_INVESTMENT_AND_RETIREMENT_FUNDS,48243bdc-0c0c-4bd5-aaba-ea3e2176eee8,banknote-arrow-down,2025-08-22 05:01:17.132902+00,BanknoteArrowDown,TRANSFER_IN,Inbound transfers to an investment or retirement account,
9de24537-d7d1-4a9e-a6df-11af540e8c6b,,BANK_FEES_ATM_FEES,30389529-f4ea-45c2-9c4c-48e62cd65df2,hand-coins,2025-08-22 05:01:17.132902+00,HandCoins,BANK_FEES,Fees incurred for out-of-network ATMs,
9e3b2fb9-4cd4-4546-9406-f78be9aff82d,,HOME_IMPROVEMENT_SECURITY,cd6934f1-91d2-46ae-8710-b86cb0b49e73,door-closed-locked,2025-08-22 05:01:17.132902+00,DoorClosedLocked,HOME_IMPROVEMENT,Home security system purchases,
9fdfa79c-5f05-4024-b74c-e89601403c33,,MEDICAL_OTHER_MEDICAL,61f3b65e-17b4-4c56-b83c-bf435018ac53,hospital,2025-08-22 05:01:17.132902+00,Hospital,MEDICAL,"Other miscellaneous medical, including blood work, hospitals, and ambulances",
abc050cc-4d91-4209-b5ac-4b549410b2ab,,INCOME_UNEMPLOYMENT,ccaf369b-aa83-42c7-bb3e-af09285b3634,banknote-arrow-down,2025-08-22 05:01:17.132902+00,BanknoteArrowDown,INCOME,"Income from unemployment benefits, including unemployment insurance and healthcare",
b2765742-c398-44dd-b837-af288f5d9b04,,HOME_IMPROVEMENT_FURNITURE,cd6934f1-91d2-46ae-8710-b86cb0b49e73,armchair,2025-08-22 05:01:17.132902+00,Armchair,HOME_IMPROVEMENT,"Furniture, bedding, and home accessories",
b7661df8-88c2-4f66-affd-5ef622877e7e,,,,,2025-08-22 05:01:17.132902+00,,GENERAL_SERVICES,,
b9e22ac1-0313-4692-a7b6-a48213eb7d4f,,MEDICAL_PRIMARY_CARE,61f3b65e-17b4-4c56-b83c-bf435018ac53,hospital,2025-08-22 05:01:17.132902+00,Hospital,MEDICAL,Doctors and physicians,
b9eb0f8b-eb00-48be-bb73-27e45b88971e,,FOOD_AND_DRINK_VENDING_MACHINES,0c93eb57-2a38-4649-86a2-9f0e5bf572df,candy,2025-08-22 05:01:17.132902+00,Candy,FOOD_AND_DRINK,Purchases made at vending machine operators,
ba87454f-95e3-4552-a6d3-ded0cbebb235,,GENERAL_MERCHANDISE_SUPERSTORES,c0f2abc6-14cf-457a-9585-cb969d8b9f1c,shopping-cart,2025-08-22 05:01:17.132902+00,ShoppingCart,GENERAL_MERCHANDISE,"Superstores such as Target and Walmart, selling both groceries and general merchandise",
baa65a7e-631c-4438-9f66-9d2ac036a963,,MEDICAL_MENTAL_HEALTH,61f3b65e-17b4-4c56-b83c-bf435018ac53,brain,2025-08-22 05:01:17.132902+00,Brain,MEDICAL,"Mental healthcare, psychologist, therapy",
bb69cacc-8c88-4eda-ba43-90fb3078aac3,,PERSONAL_CARE_OTHER_PERSONAL_CARE,be97d1f8-f5af-4a1e-b2d1-89d823d61173,heart-plus,2025-08-22 05:01:17.132902+00,HeartPlus,PERSONAL_CARE,"Other miscellaneous personal care, including mental health apps and services",
be5fe350-a93b-4dd0-96f5-ea8a1442cc72,,RENT_AND_UTILITIES_GAS_AND_ELECTRICITY,e0c68625-6bae-45cf-8dca-6e1a0912765f,receipt-text,2025-08-22 05:01:17.132902+00,ReceiptText,RENT_AND_UTILITIES,Gas and electricity bills,
be97d1f8-f5af-4a1e-b2d1-89d823d61173,,,,,2025-08-22 05:01:17.132902+00,,PERSONAL_CARE,,
c054b9aa-b9e6-4599-8c16-03ae74650749,,ENTERTAINMENT_TV_AND_MOVIES,43224766-2ed8-42cf-a9bf-9bc717b198e0,tv,2025-08-22 05:01:17.132902+00,TV,ENTERTAINMENT,In home movie streaming services and movie theaters,
c0e14613-3a2f-4e8b-9ae2-c36a01ff886b,,ENTERTAINMENT_SPORTING_EVENTS_AMUSEMENT_PARKS_AND_MUSEUMS,43224766-2ed8-42cf-a9bf-9bc717b198e0,roller-coaster,2025-08-22 05:01:17.132902+00,RollerCoaster,ENTERTAINMENT,"Purchases made at sporting events, music venues, concerts, museums, and amusement parks",
c0f2abc6-14cf-457a-9585-cb969d8b9f1c,,,,,2025-08-22 05:01:17.132902+00,,GENERAL_MERCHANDISE,,
c112b203-37b6-463e-8565-0f5e3f6f7b0c,,GENERAL_SERVICES_AUTOMOTIVE,,car,2025-08-22 05:01:17.132902+00,Car,GENERAL_SERVICES,"Oil changes, car washes, repairs, and towing",
c2db70e6-0aea-479f-8b4a-a32e44e6e76b,,FOOD_AND_DRINK_RESTAURANT,0c93eb57-2a38-4649-86a2-9f0e5bf572df,chef-hat,2025-08-22 05:01:17.132902+00,Chef Hat,FOOD_AND_DRINK,"Dining expenses for restaurants, bars, gastropubs, and diners",
c850c32a-15a9-4fe4-9a8d-ce6229b4f4e8,,SUBSCRIPTIONS_EDUCATION,7ca7002b-6f9a-41f2-9f7e-1b2e21bafafe,calendar-sync,2025-08-22 05:51:58.240423+00,CalendarSync,SUBSCRIPTIONS,"Recurring payments for access to online courses (e.g., Coursera, Skillshare), language learning platforms (e.g., Duolingo Plus), or other educational resources provided on a subscription basis.",
c9e07dc7-86e0-496f-8306-091d200de98e,,BANK_FEES_INTEREST_CHARGE,30389529-f4ea-45c2-9c4c-48e62cd65df2,landmark,2025-08-22 05:01:17.132902+00,Landmark,BANK_FEES,"Fees incurred for interest on purchases, including not-paid-in-full or interest on cash advances",
ca484421-a474-46bd-8959-330e08c345b9,,SUBSCRIPTIONS_GENERAL_APPS,7ca7002b-6f9a-41f2-9f7e-1b2e21bafafe,calendar-sync,2025-08-22 05:51:10.700567+00,CalendarSync,SUBSCRIPTIONS,General recurring payments for apps and services.,
ca55f25a-4b2d-47df-98f3-f40c15db3326,,MEDICAL_PHARMACIES_AND_SUPPLEMENTS,61f3b65e-17b4-4c56-b83c-bf435018ac53,pill-bottle,2025-08-22 05:01:17.132902+00,Pill-Bottle,MEDICAL,Pharmacies and nutrition shops,
ca713ac9-78ec-4dae-ae84-20ba3831620f,,TRANSFER_OUT_OTHER_TRANSFER_OUT,f1bb95b0-c717-4c3b-a220-3e5a2fe24535,forward,2025-08-22 05:01:17.132902+00,Forward,TRANSFER_OUT,Other miscellaneous outbound transactions,
ccaf369b-aa83-42c7-bb3e-af09285b3634,,,,,2025-08-22 05:01:17.132902+00,,INCOME,,
cd6934f1-91d2-46ae-8710-b86cb0b49e73,,,,,2025-08-22 05:01:17.132902+00,,HOME_IMPROVEMENT,,
ceca0be5-57d0-4243-97c8-169f52200fe2,,TRANSPORTATION_TAXIS_AND_RIDE_SHARES,0af6a6e1-5ee7-4931-acfa-56c1e8b1832c,taxi,2025-08-22 05:01:17.132902+00,Taxi,TRANSPORTATION,Taxi and ride share services,
d0c5f67a-2e34-4833-857f-65c77cc49dbc,,BANK_FEES_OVERDRAFT_FEES,30389529-f4ea-45c2-9c4c-48e62cd65df2,landmark,2025-08-22 05:01:17.132902+00,Landmark,BANK_FEES,Fees incurred when an account is in overdraft,
d16b5471-3ca9-4a28-9935-6870e8d81d65,,TRAVEL_RENTAL_CARS,2eba8eab-2a4f-4678-adeb-08d32bc98278,plane,2025-08-22 05:01:17.132902+00,Plane,TRAVEL,"Rental cars, charter buses, and trucks",
d2086a63-1352-46bb-8a14-cbe188e38f72,,SUBSCRIPTIONS_GAMES,7ca7002b-6f9a-41f2-9f7e-1b2e21bafafe,calendar-sync,2025-08-22 05:52:41.293735+00,CalendarSync,SUBSCRIPTIONS,"Recurring payments for online gaming services, access to game libraries, in-game subscriptions, or premium features within gaming applications.",
d257e49e-87c9-4ba7-9115-afef6a455925,,TRANSPORTATION_OTHER_TRANSPORTATION,0af6a6e1-5ee7-4931-acfa-56c1e8b1832c,car,2025-08-22 05:01:17.132902+00,Car,TRANSPORTATION,Other miscellaneous transportation expenses,
d42c8c37-0c40-4033-a87d-5af84c5b5444,,SUBSCRIPTIONS_PHYSICAL_GOODS,7ca7002b-6f9a-41f2-9f7e-1b2e21bafafe,calendar-sync,2025-08-22 05:52:26.810224+00,CalendarSync,SUBSCRIPTIONS,"Recurring fees for subscription boxes or recurring deliveries of physical products, which can range from food and beauty products to apparel or hobby supplies.",
d5b4b39e-f7dc-4d6a-aaa7-5b22c2a2db47,,RENT_AND_UTILITIES_RENT,e0c68625-6bae-45cf-8dca-6e1a0912765f,receipt-text,2025-08-22 05:01:17.132902+00,ReceiptText,RENT_AND_UTILITIES,Rent payment,
d6c102ff-20a1-444d-ad70-c3cbb80f5e7b,,LOAN_PAYMENTS_PERSONAL_LOAN_PAYMENT,58dffaff-a99b-4baa-a471-b7989cfc2844,signature,2025-08-22 05:01:17.132902+00,Signature,LOAN_PAYMENTS,"Personal loans, including cash advances and buy now pay later repayments",
d734f0f5-b064-48ae-85fb-4b2b133f2cfb,,INCOME_OTHER_INCOME,ccaf369b-aa83-42c7-bb3e-af09285b3634,banknote-arrow-down,2025-08-22 05:01:17.132902+00,BanknoteArrowDown,INCOME,"Other miscellaneous income, including alimony, social security, child support, and rental",
dfc2be25-5823-4124-b686-2e3399fc26a4,,GENERAL_SERVICES_CHILDCARE,b7661df8-88c2-4f66-affd-5ef622877e7e,baby,2025-08-22 05:01:17.132902+00,Baby,GENERAL_SERVICES,Babysitters and daycare,
e0c68625-6bae-45cf-8dca-6e1a0912765f,,,,,2025-08-22 05:01:17.132902+00,,RENT_AND_UTILITIES,,
e4884ebd-600e-4f64-ae81-3bba3b7fa85a,,INCOME_TAX_REFUND,ccaf369b-aa83-42c7-bb3e-af09285b3634,banknote-arrow-down,2025-08-22 05:01:17.132902+00,BanknoteArrowDown,INCOME,Income from tax refunds,
e4eacc2f-b767-45a7-921b-fe0da3e4bda4,,TRANSFER_IN_ACCOUNT_TRANSFER,48243bdc-0c0c-4bd5-aaba-ea3e2176eee8,banknote-arrow-down,2025-08-22 05:01:17.132902+00,BanknoteArrowDown,TRANSFER_IN,General inbound transfers from another account,
e50f2eac-9668-440c-9086-8c0598044868,,SUBSCRIPTIONS_DATING_APPS,7ca7002b-6f9a-41f2-9f7e-1b2e21bafafe,calendar-sync,2025-08-22 05:51:48.528279+00,CalendarSync,SUBSCRIPTIONS,"Recurring fees for premium features or memberships on dating and relationship-focused applications, offering enhanced visibility, messaging options, or other benefits.",
e73d6f3f-588e-4251-86a1-e85f4bdc034b,,GENERAL_MERCHANDISE_PET_SUPPLIES,c0f2abc6-14cf-457a-9585-cb969d8b9f1c,paw-print,2025-08-22 05:01:17.132902+00,PawPrint,GENERAL_MERCHANDISE,Pet supplies and pet food,
e86be91f-1a48-425b-91eb-ab4428f2ac69,,TRANSFER_OUT_ACCOUNT_TRANSFER,f1bb95b0-c717-4c3b-a220-3e5a2fe24535,forward,2025-08-22 05:01:17.132902+00,Forward,TRANSFER_OUT,General outbound transfers to another account,
e8db49f9-6f16-4792-864b-2f214fdd96b3,,SUBSCRIPTIONS_CLOUD_STORAGE,7ca7002b-6f9a-41f2-9f7e-1b2e21bafafe,calendar-sync,2025-08-22 05:51:33.376502+00,CalendarSync,SUBSCRIPTIONS,"Recurring payments for online space to store digital files and data, often used for backups, file sharing, or expanding local device storage.",
ea3e416f-db7f-42cf-8326-279fde028d98,,,,,2025-08-22 05:01:17.132902+00,,GOVERNMENT_AND_NON_PROFIT,,
ed4b67e9-1e4e-4d82-9879-d7972dbddeb1,,FOOD_AND_DRINK_GROCERIES,0c93eb57-2a38-4649-86a2-9f0e5bf572df,shopping-basket,2025-08-22 05:01:17.132902+00,ShoppingBasket,FOOD_AND_DRINK,"Purchases for fresh produce and groceries, including farmers' markets",
ed5c5d57-a185-46b3-bb89-6c5fdde183b2,,TRANSPORTATION_PARKING,0af6a6e1-5ee7-4931-acfa-56c1e8b1832c,circle-parking,2025-08-22 05:01:17.132902+00,CircleParking,TRANSPORTATION,Parking fees and expenses,
ef34bd37-a8b9-4b03-ab55-36be435e054a,,FOOD_AND_DRINK_OTHER_FOOD_AND_DRINK,0c93eb57-2a38-4649-86a2-9f0e5bf572df,utensils,2025-08-22 05:01:17.132902+00,Utensils,FOOD_AND_DRINK,"Other miscellaneous food and drink, including desserts, juice bars, and delis",
f114fc44-4e0e-438b-83c7-8fccbf3985a7,,HOME_IMPROVEMENT_REPAIR_AND_MAINTENANCE,cd6934f1-91d2-46ae-8710-b86cb0b49e73,hammer,2025-08-22 05:01:17.132902+00,Hammer,HOME_IMPROVEMENT,"Plumbing, lighting, gardening, and roofing",
f1bb95b0-c717-4c3b-a220-3e5a2fe24535,,,,,2025-08-22 05:01:17.132902+00,,TRANSFER_OUT,,